Indicador,x1,x2,Fitness
Mejor,2.0007230633392026,1.0043886894369856,-5.161987866420287
Media,1.9639130300197563,0.9755280642818807,-3.2504653708288997
Peor,1.632040157729758,0.16618630785356447,3.3347503670901855
Desv. estándar,,,2.2849085929942965
