Indicador,x1,x2,Fitness
Mejor,1.9984941262597322,1.0117057156577607,-5.161210706524714
Media,0.9984353322108398,0.488488465533086,-1.1010933566084198
Peor,2.6256859752208976,1.5033712732171227,1.604540573899825
Desv. estándar,,,1.0800232599648292
