Indicador,x1,x2,Fitness
Mejor,2.0086401438904833,1.0060851160823834,-5.161546703300169
Media,2.0554146561685647,0.9254349204495739,-5.035275562508898
Peor,2.0851806789625265,0.9556291084265773,-5.017484126600643
Desv. estándar,,,0.01979423895002715
