Indicador,x1,x2,Fitness
Mejor,2.0058434821635696,1.0004095459845868,-5.16143210203958
Media,0.8724703163431755,0.11010922864025045,-2.377918278148532
Peor,1.3775297218210725,0.4582047123613642,2.187761548577683
Desv. estándar,,,0.4930068965724287
