Indicador,x1,x2,Fitness
Mejor,2.002021592074313,1.0059030005474825,-5.162108670702406
Media,1.9303052818374973,0.9502885797099211,-3.346126471224818
Peor,2.0244558816165505,2.0053033032199474,4.089486014429054
Desv. estándar,,,2.5979819389952614
