Indicador,x1,x2,Fitness
Mejor,2.0027431676142755,1.0073116012889238,-5.16210012024284
Media,1.963690834021401,0.9883203035481252,-3.2243651190465745
Peor,1.8441241448952959,1.9853902396659457,3.879679816683558
Desv. estándar,,,2.478340308765411
