Indicador,x1,x2,Fitness
Mejor,2.001206013030671,1.0057725997846427,-5.162067292120942
Media,2.0086049796054475,0.9744508297888085,-3.035436308086084
Peor,1.3763537611729089,1.7220606983826252,3.809434325531885
Desv. estándar,,,2.594625284246354
