Indicador,x1,x2,Fitness
Mejor,2.001568416461489,0.9988269352520479,-5.161221246942435
Media,2.346575381634709,0.9147781755683709,-2.9824765527024106
Peor,2.665493282070008,1.4856125463569179,2.0456226156752
Desv. estándar,,,1.939267314472649
