Indicador,x1,x2,Fitness
Mejor,2.003597174493355,1.006037197218355,-5.162119449497366
Media,1.9310815616196628,0.9249309772607178,-3.157116577180895
Peor,2.414335712907049,1.8792269235603976,3.744615350970294
Desv. estándar,,,2.439764180497185
