Indicador,x1,x2,Fitness
Mejor,2.095881924190502,0.7727067906304386,-4.914015915528873
Media,2.153832153948846,0.6853957759826199,1.2986960914753678
Peor,1.3636255150631562,0.24686365874249672,3.6320231404629033
Desv. estándar,,,2.4424509904027514
