Indicador,x1,x2,Fitness
Mejor,2.0025924987318477,1.006380979616417,-5.162121824564412
Media,2.1147866299358484,1.1024062009290632,-4.895316803411505
Peor,2.147627653713365,1.132626689731959,-4.804433929172063
Desv. estándar,,,0.05098474939717011
