Indicador,x1,x2,Fitness
Mejor,2.0025542859071854,1.0045579326087315,-5.162083819038057
Media,1.9167762865104188,1.0094864974187292,-3.048872045624961
Peor,2.877603348591919,1.2840139624299725,3.855925450725378
Desv. estándar,,,2.7983168335263664
