Indicador,x1,x2,Fitness
Mejor,2.0027786961471725,1.0057093417998355,-5.162122910279297
Media,1.8483689748218097,0.9772596238209488,-2.75158616032605
Peor,1.945295663694846,2.0180847159406032,3.9392996175350747
Desv. estándar,,,2.8297336715243273
