Indicador,x1,x2,Fitness
Mejor,2.002330190610942,1.0066823797689484,-5.16211218183573
Media,1.9625594487867812,0.969470989239281,-2.7108764223621993
Peor,2.9953708309201055,1.0665136183169208,4.04926080397691
Desv. estándar,,,2.7414806240727474
