Indicador,x1,x2,Fitness
Mejor,2.0011880240130533,1.0070979837078387,-5.162049086336645
Media,1.8921943398999108,0.9939110335415166,-2.98906056861028
Peor,1.9555075704119154,2.001759747930672,4.061728271968527
Desv. estándar,,,2.852604147027747
