Indicador,x1,x2,Fitness
Mejor (Fitness),2.0025924987318477,1.006380979616417,-5.162121824564412
Peor (Fitness),2.095881924190502,0.7727067906304386,-4.914015915528873
Media,2.0147728529858315,0.9775829446121328,-5.13507342254136
Desv. Estándar,0.02750040614564329,0.06882846071169985,0.07383373772927536
