Indicador,x1,x2,Fitness
Mejor,2.0110605540916424,0.9982520280321494,-5.15989375651929
Media,1.7149466251227803,0.5262642230068405,-2.374894727962284
Peor,1.660572094438058,0.49504812339668025,-1.7339063184405241
Desv. estándar,,,0.7384661248512192
