Indicador,x1,x2,Fitness
Mejor,2.0167622431775043,0.9775688923221355,-5.14581328834533
Media,0.8578923228636298,0.11195203119595495,-2.034501886600382
Peor,1.158397366850342,0.10616774884454612,-0.05970892677543052
Desv. estándar,,,0.5028469837532046
