Indicador,x1,x2,Fitness
Mejor,2.000735974081436,1.00710134800374,-5.162015456215107
Media,1.9659662214853895,0.9368652140050207,-2.8670843512001047
Peor,1.9397638601806668,1.997777395416587,4.040973840286963
Desv. estándar,,,2.8755533111980296
