Indicador,x1,x2,Fitness
Mejor,2.0019436362996443,1.0037506288328364,-5.162016654905215
Media,0.1192414512066273,0.03536259643944379,0.6120035661402777
Peor,0.02524581799307679,0.0035058272497050513,1.0031083996798786
Desv. estándar,,,0.9666580436507198
