Indicador,x1,x2,Fitness
Mejor,2.0049415045919012,1.000142813710572,-5.161462026743579
Media,0.32313534866746674,0.0989651100923311,0.373760833754904
Peor,0.022451072459306592,0.0017472704649295952,1.0134144073481752
Desv. estándar,,,1.5093134426646273
