Indicador,x1,x2,Fitness
Mejor,0.0010117082905951175,-0.0031006857440750435,-0.9996144294508946
Media,-0.2508264781015325,-0.019875063361211483,-0.45999884884438536
Peor,-1.8131087557213517,0.18707178748904152,-0.0019103367445736108
Desv. estándar,,,0.32775678884629084
