Indicador,x1,x2,Fitness
Mejor,-0.0002931428599729502,-0.0002587347002250828,-0.9999944582414804
Media,0.1595412824455356,0.1595757109591133,-0.45877420907139776
Peor,-0.18350119702162576,-0.18346675086548658,-0.00018953956520601235
Desv. estándar,,,0.4531946247143622
