Indicador,x1,x2,Fitness
Mejor,-0.0011677391226195266,-0.0006062816182171304,-0.9999372456097225
Media,-0.015442686097928737,-0.34022926763249123,-0.4938751424865067
Peor,-1.5224448867160172,-1.0209323665664767,-4.379320039801041e-06
Desv. estándar,,,0.30568068730262604
