Indicador,x1,x2,Fitness
Mejor,-0.0016186484567397574,0.0016538085520293178,-0.9998058900717763
Media,-0.1927060181112194,0.023655334892354978,-0.46915579487339304
Peor,1.1266048444055987,1.4514928241835126,-0.00045206902335226515
Desv. estándar,,,0.31150697106558284
