Indicador,x1,x2,Fitness
Mejor (Fitness),-0.0002931428599729502,-0.0002587347002250828,-0.9999944582414804
Peor (Fitness),0.4497006692914469,0.2612273096628946,-0.9362445863183536
Media,0.03277747892825205,0.026327372899239105,-0.9757301385489002
Desv. Estándar,0.14199557046388103,0.24369955630941195,0.026456251945106334
