Indicador,x1,x2,Fitness
Mejor,0.005382529966196287,-0.003999387442510993,-0.9983708477155168
Media,-0.611783101790296,-0.6212321662131294,-0.5334429338289646
Peor,-0.9538970818830411,-0.9634085976983587,-0.052530232190345964
Desv. estándar,,,0.3296771206083393
