Indicador,x1,x2,Fitness
Mejor,-0.0034575538578400233,0.0044475087120151025,-0.9988500499287644
Media,-0.025695717328666847,-0.04236982276919007,-0.5197109120019727
Peor,0.14661755880687266,-0.21807320826693305,-3.3937941004182816e-05
Desv. estándar,,,0.3257662054850525
