Indicador,x1,x2,Fitness
Mejor,-0.012028163850777318,0.011934403028650342,-0.9896286873304897
Media,1.1078639459141058,1.1319204270442176,-0.5447942472082268
Peor,1.1458796638728408,1.169938981286806,-0.5074559004809934
Desv. estándar,,,0.062293145809834666
