Indicador,x1,x2,Fitness
Mejor,0.4497006692914469,0.2612273096628946,-0.9362445863183536
Media,-1.9366129263617284,-2.1258611452015654,-0.13569052796997122
Peor,-1.1939046367327557,-1.3823725290431619,-0.0007121096545706681
Desv. estándar,,,0.1329583965627697
