Indicador,x1,x2,Fitness
Mejor,0.010409723502889242,-0.0026211426431572253,-0.9958286668033784
Media,-0.14217111249404082,-0.2594873216146999,-0.5290890421198717
Peor,-0.20127715880730396,-0.17083999659657423,-0.0001721677512250954
Desv. estándar,,,0.31565842894337603
