Indicador,x1,x2,Fitness
Mejor,-0.015132149062637143,0.015157513102398254,-0.9834635644805857
Media,1.175484189055771,1.205828870202299,-0.4691974031749077
Peor,1.662298226223536,1.6926729789044808,-0.003925001480562752
Desv. estándar,,,0.10461481636903144
