Indicador,x1,x2,Fitness
Mejor,0.0034569165285726344,-0.0033801871373557654,-0.9991528632687131
Media,0.634011828515558,0.6273650077828411,-0.288904637235981
Peor,0.21518154355080826,0.20831300635508365,-0.0491858923260713
Desv. estándar,,,0.18294695099183259
