Indicador,x1,x2,Fitness
Mejor,0.01534813191477595,-0.015237691792406936,-0.9831402532063
Media,-1.9066445970072181,-1.9384580477844384,-0.20194786086540467
Peor,-1.9878786813725344,-2.019433856241915,-0.024805124054446244
Desv. estándar,,,0.13035632203059344
