Indicador,x1,x2,Fitness
Mejor,0.0003902229760617548,-0.00949764949323667,-0.9967281357236526
Media,-0.12440920259448182,0.018024543564737587,-0.4400156782556798
Peor,-0.1401452321386032,-0.22173545993245508,-9.280058142524989e-06
Desv. estándar,,,0.31344381152772777
