Indicador,x1,x2,Fitness
Mejor,-0.0007436435808200886,0.0010226764144660172,-0.9999420419876507
Media,0.017303283863254675,-0.006610938230345796,-0.48260456888689757
Peor,0.4846287033678266,-1.224383112206188,-0.0015304742705033493
Desv. estándar,,,0.3171815119886368
