Indicador,x1,x2,Fitness
Mejor,-0.006262018504821887,0.00255470523576011,-0.9983428694803556
Media,0.03259652316339269,-0.34227168058328716,-0.5426911324929352
Peor,-0.5943173738149361,-0.5149455208732246,-2.9612014574099184e-05
Desv. estándar,,,0.33881087278600697
