Indicador,x1,x2,Fitness
Mejor,-0.002994360218351158,0.0019629265468896206,-0.9995353738035845
Media,-0.17584924611007163,-0.11301129814483239,-0.49277603677016696
Peor,-0.4288283738503742,-1.2322728380558543,-0.0004539276254713178
Desv. estándar,,,0.3264451739536372
