Indicador,x1,x2,Fitness
Mejor,-0.08953697157507001,-0.5124772136924856,-0.9362453073815156
Media,-1.242373042990375,-1.6774332284393556,-0.33538404680549083
Peor,-1.8097469036425615,-2.2389021470084707,-1.0086488750390814e-05
Desv. estándar,,,0.3470268753159613
