Indicador,x1,x2,Fitness
Mejor,-0.03746548031820664,0.5188910412092549,-0.9362453043815637
Media,-1.6294268221676989,-1.0699856156682803,-0.24071015568705872
Peor,-1.1641102614113965,-0.5983161207857252,-4.2043337776826776e-07
Desv. estándar,,,0.2149759772679994
