Indicador,x1,x2,Fitness
Mejor,-0.004074185555954124,-0.0014859806530325616,-0.9993183976591596
Media,0.11669300451222223,-0.4178521917944481,-0.5143070241373335
Peor,0.5445119124950795,1.1815738123128932,-0.001615080425990077
Desv. estándar,,,0.3188061139629383
