Indicador,x1,x2,Fitness
Mejor,0.008342449248192774,-0.008583323245822616,-0.9948155131644845
Media,-0.7417005189964179,-0.7622092125791055,-0.7336668293109845
Peor,-0.1293884249605533,-0.14626850725842938,-0.1495700986060326
Desv. estándar,,,0.07199731017961956
